{"logo_type":"image","logo_image":"images\/logo.png","logo_height":"60","mobile_logo":"","logo_text":"","logo_slogan":"","header_height":"80px","sticky_header":"1","favicon":"","body_bg_image":"","body_bg_repeat":"inherit","body_bg_size":"inherit","body_bg_attachment":"inherit","body_bg_position":"0 0","enabled_copyright":"1","copyright_position":"footer1","copyright_load_pos":"default","copyright":"\u00a9{year} -19 Designed with <i class=\"fa fa-heart-o\"><\/i> by <a href=\"https:\/\/www.web-komp.eu\" target=\"_blank\">WebKomp<\/a>","goto_top":"1","show_social_icons":"1","social_position":"footer2","social_load_pos":"default","facebook":"#","twitter":"#","googleplus":"#","pinterest":"#","linkedin":"","dribbble":"","instagram":"#","behance":"","youtube":"#","flickr":"","skype":"pq.softs","whatsapp":"","vk":"","custom":"","contactinfo":"1","contact_position":"top2","contact_phone":"+228 872 4444","contact_mobile":"+775 872 4444","contact_email":"contact@email.com","contact_time":"","comingsoon_title":"Coming Soon Title","comingsoon_content":"Coming soon content","comingsoon_date":"5-10-2018","comingsoon_logo":"","comingsoon_bg_image":"","comingsoon_social_icons":"1","error_logo":"images\/logo.png","error_bg":"images\/woman.jpg","preset":"{\"footer_link_hover_color\":\"#FFFFFF\",\"footer_link_color\":\"#A2A2A2\",\"footer_text_color\":\"#FFFFFF\",\"footer_bg_color\":\"#171717\",\"menu_dropdown_text_active_color\":\"#0fa89d\",\"menu_dropdown_text_hover_color\":\"#0fa89d\",\"menu_dropdown_text_color\":\"#252525\",\"menu_dropdown_bg_color\":\"#FFFFFF\",\"menu_text_active_color\":\"#0fa89d\",\"menu_text_hover_color\":\"#0fa89d\",\"menu_text_color\":\"#aaaaaa\",\"menu_bg_color\":\"#0f0f0f\",\"logo_text_color\":\"#0fa89d\",\"topbar_text_color\":\"#AAAAAA\",\"topbar_bg_color\":\"#333333\",\"header_bg_color\":\"transparent\",\"link_hover_color\":\"#044CD0\",\"link_color\":\"#0fa89d\",\"bg_color\":\"#FFFFFF\",\"text_color\":\"#252525\",\"preset\":\"preset3\"}","custom_style":"1","text_color":"#f2f2f2","bg_color":"#000000","link_color":"#b9a076","link_hover_color":"#a68239","header_bg_color":"","logo_text_color":"#a68239","topbar_bg_color":"#333333","topbar_text_color":"#aaaaaa","menu_bg_color":"#0f0f0f","menu_text_color":"#ffffff","menu_text_hover_color":"#a68239","menu_text_active_color":"#b9a076","menu_dropdown_bg_color":"#1f1f1f","menu_dropdown_text_color":"#ffffff","menu_dropdown_text_hover_color":"#a68239","menu_dropdown_text_active_color":"#a68239","footer_bg_color":"#0c0c0c","footer_text_color":"#ffffff","footer_link_color":"#a2a2a2","footer_link_hover_color":"#ffffff","header_style":"style-1","layout":"[{\"type\":\"row\",\"layout\":12,\"settings\":{\"name\":\"logo\",\"fluidrow\":0,\"custom_class\":\"\",\"padding\":\"\",\"margin\":\"40px 0px 0px 0px\",\"color\":\"\",\"link_color\":\"\",\"link_hover_color\":\"\",\"background_color\":\"\",\"background_image\":\"\",\"background_repeat\":\"\",\"background_size\":\"\",\"background_attachment\":\"\",\"background_position\":\"\",\"hide_on_phone\":0,\"hide_on_large_phone\":0,\"hide_on_tablet\":0,\"hide_on_small_desktop\":0,\"hide_on_desktop\":0},\"attr\":[{\"type\":\"sp_col\",\"settings\":{\"grid_size\":12,\"hide_on_desktop\":0,\"hide_on_small_desktop\":0,\"hide_on_tablet\":0,\"hide_on_large_phone\":0,\"hide_on_phone\":0,\"xs_col\":\"\",\"sm_col\":\"\",\"md_col\":\"\",\"xl_col\":\"\",\"custom_class\":\"\",\"name\":\"logo\",\"column_type\":0}}]},{\"type\":\"row\",\"layout\":12,\"settings\":{\"hide_on_desktop\":0,\"hide_on_small_desktop\":0,\"hide_on_tablet\":0,\"hide_on_large_phone\":0,\"hide_on_phone\":0,\"background_position\":\"\",\"background_attachment\":\"\",\"background_size\":\"\",\"background_repeat\":\"\",\"background_image\":\"\",\"background_color\":\"\",\"link_hover_color\":\"\",\"link_color\":\"\",\"color\":\"\",\"margin\":\"\",\"padding\":\"\",\"custom_class\":\"\",\"fluidrow\":0,\"name\":\"header\",\"hide_desktop\":0,\"hide_small_desktop\":0,\"hide_tablet\":0,\"hide_large_mobile\":1,\"hide_mobile\":1,\"hidden_xs\":0,\"hidden_sm\":0,\"hidden_md\":0},\"attr\":[{\"type\":\"sp_col\",\"settings\":{\"grid_size\":12,\"hidden_xs\":0,\"hidden_sm\":0,\"hidden_md\":0,\"hide_on_desktop\":0,\"hide_on_small_desktop\":0,\"hide_on_tablet\":0,\"hide_on_large_phone\":0,\"hide_on_phone\":0,\"xs_col\":\"\",\"sm_col\":\"\",\"md_col\":\"\",\"xl_col\":\"\",\"custom_class\":\"\",\"name\":\"menu\",\"column_type\":0}}]},{\"type\":\"row\",\"layout\":12,\"settings\":{\"name\":\"title\",\"fluidrow\":1,\"custom_class\":\"\",\"padding\":\"\",\"margin\":\"\",\"color\":\"\",\"link_color\":\"\",\"link_hover_color\":\"\",\"background_color\":\"\",\"background_image\":\"\",\"background_repeat\":\"no-repeat\",\"background_size\":\"cover\",\"background_attachment\":\"scroll\",\"background_position\":\"\",\"hide_on_phone\":0,\"hide_on_large_phone\":0,\"hide_on_tablet\":0,\"hide_on_small_desktop\":0,\"hide_on_desktop\":0},\"attr\":[{\"type\":\"sp_col\",\"settings\":{\"grid_size\":12,\"hide_on_desktop\":0,\"hide_on_small_desktop\":0,\"hide_on_tablet\":0,\"hide_on_large_phone\":0,\"hide_on_phone\":0,\"xs_col\":\"\",\"sm_col\":\"\",\"md_col\":\"\",\"xl_col\":\"\",\"custom_class\":\"\",\"name\":\"title\",\"column_type\":0}}]},{\"type\":\"row\",\"layout\":\"4+4+4\",\"settings\":{\"custom_class\":\"\",\"fluidrow\":0,\"margin\":\"\",\"padding\":\"\",\"hidden_md\":0,\"hidden_sm\":0,\"hidden_xs\":0,\"link_hover_color\":\"\",\"link_color\":\"\",\"color\":\"\",\"background_color\":\"\",\"name\":\"Main Body\"},\"attr\":[{\"type\":\"sp_col\",\"settings\":{\"grid_size\":4,\"name\":\"left\",\"hidden_xs\":0,\"hidden_sm\":0,\"hidden_md\":0,\"sm_col\":\"\",\"xs_col\":\"\",\"custom_class\":\"\",\"column_type\":0}},{\"type\":\"sp_col\",\"settings\":{\"sortableitem\":\"[object Object]\",\"hidden_xs\":0,\"hidden_sm\":0,\"hidden_md\":0,\"sm_col\":\"\",\"xs_col\":\"\",\"custom_class\":\"\",\"grid_size\":4,\"column_type\":1}},{\"type\":\"sp_col\",\"settings\":{\"grid_size\":4,\"column_type\":0,\"name\":\"right\",\"hidden_xs\":0,\"hidden_sm\":0,\"hidden_md\":0,\"sm_col\":\"\",\"xs_col\":\"\",\"custom_class\":\"\"}}]},{\"type\":\"row\",\"layout\":\"3+3+3+3\",\"settings\":{\"name\":\"Bottom\",\"fluidrow\":0,\"custom_class\":\"\",\"padding\":\"\",\"margin\":\"\",\"color\":\"\",\"link_color\":\"\",\"link_hover_color\":\"\",\"background_color\":\"\",\"background_image\":\"\",\"background_repeat\":\"\",\"background_size\":\"\",\"background_attachment\":\"\",\"background_position\":\"\",\"hide_on_phone\":0,\"hide_on_large_phone\":0,\"hide_on_tablet\":0,\"hide_on_small_desktop\":0,\"hide_on_desktop\":0,\"hidden_md\":0,\"hidden_sm\":0,\"hidden_xs\":0},\"attr\":[{\"type\":\"sp_col\",\"settings\":{\"sortableitem\":\"[object Object]\",\"column_type\":0,\"name\":\"bottom1\",\"hidden_xs\":0,\"hidden_sm\":0,\"hidden_md\":0,\"sm_col\":\"col-sm-6\",\"xs_col\":\"\",\"custom_class\":\"\",\"grid_size\":3}},{\"type\":\"sp_col\",\"settings\":{\"sortableitem\":\"[object Object]\",\"custom_class\":\"\",\"xs_col\":\"\",\"sm_col\":\"col-sm-6\",\"hidden_md\":0,\"hidden_sm\":0,\"hidden_xs\":0,\"name\":\"bottom2\",\"column_type\":0,\"grid_size\":3}},{\"type\":\"sp_col\",\"settings\":{\"grid_size\":3,\"hide_on_desktop\":0,\"hide_on_small_desktop\":0,\"hide_on_tablet\":0,\"hide_on_large_phone\":0,\"hide_on_phone\":0,\"xs_col\":\"\",\"sm_col\":\"\",\"md_col\":\"\",\"xl_col\":\"\",\"custom_class\":\"\",\"name\":\"bottom3\",\"column_type\":0}},{\"type\":\"sp_col\",\"settings\":{\"grid_size\":3,\"hide_on_desktop\":0,\"hide_on_small_desktop\":0,\"hide_on_tablet\":0,\"hide_on_large_phone\":0,\"hide_on_phone\":0,\"xs_col\":\"\",\"sm_col\":\"\",\"md_col\":\"\",\"xl_col\":\"\",\"custom_class\":\"\",\"name\":\"bottom4\",\"column_type\":0}}]},{\"type\":\"row\",\"layout\":\"6+6\",\"settings\":{\"name\":\"Footer\",\"background_color\":\"\",\"color\":\"\",\"link_color\":\"\",\"link_hover_color\":\"\",\"hidden_xs\":0,\"hidden_sm\":0,\"hidden_md\":0,\"padding\":\"\",\"margin\":\"\",\"fluidrow\":0,\"custom_class\":\"\"},\"attr\":[{\"type\":\"sp_col\",\"settings\":{\"sortableitem\":\"[object Object]\",\"grid_size\":6,\"column_type\":0,\"name\":\"footer1\",\"hidden_xs\":0,\"hidden_sm\":0,\"hidden_md\":0,\"sm_col\":\"\",\"xs_col\":\"\",\"custom_class\":\"\"}},{\"type\":\"sp_col\",\"settings\":{\"grid_size\":6,\"column_type\":0,\"name\":\"footer2\",\"hidden_xs\":0,\"hidden_sm\":0,\"hidden_md\":0,\"sm_col\":\"\",\"xs_col\":\"\",\"custom_class\":\"\"}}]}]","menu":"mainmenu","menu_type":"mega","dropdown_width":"","menu_animation":"menu-animation-fade-up","offcanvas_position":"right","body_font":"{\"fontFamily\":\"Helvetica\",\"fontSize\":\"36\",\"fontWeight\":\"\",\"fontStyle\":\"\",\"fontSubset\":\"\"}","enable_h1_font":"1","h1_font":"{\"fontFamily\":\"Arial\",\"fontSize\":\"\",\"fontWeight\":\"\",\"fontStyle\":\"\",\"fontSubset\":\"\"}","h2_font":"{\"fontFamily\":\"Arial\",\"fontSize\":\"\",\"fontWeight\":\"\",\"fontStyle\":\"\",\"fontSubset\":\"\"}","h3_font":"{\"fontFamily\":\"Arial\",\"fontSize\":\"\",\"fontWeight\":\"\",\"fontStyle\":\"\",\"fontSubset\":\"\"}","h4_font":"{\"fontFamily\":\"Arial\",\"fontSize\":\"\",\"fontWeight\":\"\",\"fontStyle\":\"\",\"fontSubset\":\"\"}","h5_font":"{\"fontFamily\":\"Arial\",\"fontSize\":\"\",\"fontWeight\":\"\",\"fontStyle\":\"\",\"fontSubset\":\"\"}","h6_font":"{\"fontFamily\":\"Arial\",\"fontSize\":\"\",\"fontWeight\":\"\",\"fontStyle\":\"\",\"fontSubset\":\"\"}","enable_navigation_font":"1","navigation_font":"{\"fontFamily\":\"Poppins\",\"fontSize\":\"14\",\"fontWeight\":\"\",\"fontStyle\":\"\",\"fontSubset\":\"latin\"}","enable_custom_font":"1","custom_font":"{\"fontFamily\":\"Arial\",\"fontSize\":\"\",\"fontWeight\":\"700\",\"fontStyle\":\"\",\"fontSubset\":\"\"}","custom_font_selectors":".sp-megamenu-parent > li > a,\r\n.sp-megamenu-parent > li.active > a, .sp-megamenu-parent > li.active:hover > a","image_small":"1","image_small_size":"100X100","image_thumbnail":"1","image_thumbnail_size":"600X340","image_medium":"1","image_medium_size":"300X300","image_large_size":"600X600","image_crop_quality":"100","blog_list_image":"thumbnail","leading_blog_list_image":"large","blog_details_image":"default","social_share":"1","og_fb_id":"","og_twitter_site":"","comment":"disabled","comment_disqus_subdomain":"","comment_disqus_devmode":"1","comment_intensedebate_acc":"","comment_facebook_app_id":"","comment_facebook_width":"100","comment_facebook_number":"10","comments_count":"1","before_head":"","before_body":"","custom_css":"","custom_js":"","exclude_js":"","scssoption":"1"}